"","level","Overall","Non-AH","AH","p","test","Missing"
"n","","242","184","58","","",""
"age (median [IQR])","","57.600 [49.950, 63.975]","59.300 [51.075, 64.650]","53.100 [43.050, 60.850]","<0.001","nonnorm","0.000"
"scr_admit (median [IQR])","","2.230 [1.505, 2.965]","2.260 [1.600, 3.010]","2.065 [1.200, 2.910]","0.195","nonnorm","2.893"
"tbili_admit (median [IQR])","","5.050 [2.425, 16.375]","3.650 [1.825, 9.825]","16.300 [7.550, 27.975]","<0.001","nonnorm","3.306"
"inr_admit (median [IQR])","","1.800 [1.500, 2.400]","1.800 [1.420, 2.265]","2.100 [1.700, 2.525]","0.006","nonnorm","2.893"
"sodium_admit (median [IQR])","","132.000 [127.000, 135.000]","132.000 [128.000, 136.000]","132.000 [126.000, 135.000]","0.301","nonnorm","3.719"
"albumin_admit (median [IQR])","","3.000 [2.600, 3.600]","3.000 [2.700, 3.600]","2.900 [2.400, 3.300]","0.104","nonnorm","3.719"
"lactate_admit (median [IQR])","","2.650 [2.000, 3.700]","2.450 [1.825, 3.375]","3.350 [2.000, 9.975]","0.031","nonnorm","52.893"
"baseline_scr (median [IQR])","","1.240 [0.880, 1.720]","1.290 [0.910, 1.780]","1.055 [0.758, 1.405]","0.014","nonnorm","0.413"
"scr_terli_day0 (median [IQR])","","2.790 [2.265, 3.570]","2.800 [2.275, 3.638]","2.720 [2.252, 3.170]","0.365","nonnorm","0.000"
"bun_terli_day0 (median [IQR])","","54.000 [39.000, 71.000]","52.000 [39.000, 71.750]","56.500 [39.500, 71.000]","0.628","nonnorm","0.826"
"ast_terli_day0 (median [IQR])","","52.000 [33.000, 85.500]","46.000 [29.750, 75.000]","67.000 [49.000, 104.500]","<0.001","nonnorm","6.198"
"alt_terli_day0 (median [IQR])","","23.000 [15.000, 34.000]","20.500 [13.000, 32.000]","31.000 [21.500, 39.500]","<0.001","nonnorm","6.198"
"bili_terli_day0 (median [IQR])","","5.600 [2.600, 17.450]","4.300 [2.100, 10.825]","16.600 [7.450, 31.350]","<0.001","nonnorm","6.198"
"alb_terli_day0 (median [IQR])","","3.500 [3.100, 3.850]","3.500 [3.100, 3.900]","3.500 [3.100, 3.800]","0.419","nonnorm","6.198"
"inr_terli_day0 (median [IQR])","","2.100 [1.700, 2.565]","2.000 [1.600, 2.582]","2.300 [1.750, 2.500]","0.116","nonnorm","19.421"
"wbc_terli_day0 (median [IQR])","","7.300 [5.000, 11.410]","6.600 [4.800, 9.910]","10.615 [6.945, 16.200]","<0.001","nonnorm","3.719"
"hgb_terli_day0 (median [IQR])","","8.000 [7.400, 8.900]","8.000 [7.400, 8.900]","8.200 [7.400, 8.800]","0.656","nonnorm","1.653"
"admit_admitservice (%)","1","102 (42.149)","69 (37.500)","33 (56.897)","0.022","","0.000"
"","2","42 (17.355)","30 (16.304)","12 (20.690)","","",""
"","3","83 (34.298)","71 (38.587)","12 (20.690)","","",""
"","4","8 (3.306)","8 (4.348)","0 (0.000)","","",""
"","5","7 (2.893)","6 (3.261)","1 (1.724)","","",""
"admit_admitroute (%)","1","110 (45.833)","86 (47.253)","24 (41.379)","0.705","","0.826"
"","2","97 (40.417)","71 (39.011)","26 (44.828)","","",""
"","3","33 (13.750)","25 (13.736)","8 (13.793)","","",""
"sex_male (%)","0","97 (40.083)","82 (44.565)","15 (25.862)","0.017","","0.000"
"","1","145 (59.917)","102 (55.435)","43 (74.138)","","",""
"race (%)","1","206 (85.833)","155 (84.699)","51 (89.474)","0.218","","0.826"
"","2","9 (3.750)","9 (4.918)","0 (0.000)","","",""
"","3","4 (1.667)","4 (2.186)","0 (0.000)","","",""
"","4","21 (8.750)","15 (8.197)","6 (10.526)","","",""
"hispanic (%)","0","205 (84.711)","154 (83.696)","51 (87.931)","0.567","","0.000"
"","1","37 (15.289)","30 (16.304)","7 (12.069)","","",""
"cirrhosis_etiology (%)","1","135 (55.785)","84 (45.652)","51 (87.931)","<0.001","","0.000"
"","2","43 (17.769)","43 (23.370)","0 (0.000)","","",""
"","3","6 (2.479)","6 (3.261)","0 (0.000)","","",""
"","4","15 (6.198)","10 (5.435)","5 (8.621)","","",""
"","5","15 (6.198)","15 (8.152)","0 (0.000)","","",""
"","6","28 (11.570)","26 (14.130)","2 (3.448)","","",""
"hegrade_admit (%)","0","141 (58.506)","106 (57.923)","35 (60.345)","0.587","","0.413"
"","1","65 (26.971)","48 (26.230)","17 (29.310)","","",""
"","2","24 (9.959)","21 (11.475)","3 (5.172)","","",""
"","3","6 (2.490)","5 (2.732)","1 (1.724)","","",""
"","4","5 (2.075)","3 (1.639)","2 (3.448)","","",""
"admit_ascites (%)","1","16 (6.639)","10 (5.464)","6 (10.345)","0.083","","0.413"
"","2","154 (63.900)","113 (61.749)","41 (70.690)","","",""
"","3","71 (29.461)","60 (32.787)","11 (18.966)","","",""
"htn_medical_hx (%)","0","134 (55.372)","97 (52.717)","37 (63.793)","0.184","","0.000"
"","1","108 (44.628)","87 (47.283)","21 (36.207)","","",""
"dm_medical_hx (%)","0","171 (70.661)","122 (66.304)","49 (84.483)","0.013","","0.000"
"","1","71 (29.339)","62 (33.696)","9 (15.517)","","",""
"ckd_medical_hx (%)","0","165 (68.182)","118 (64.130)","47 (81.034)","0.025","","0.000"
"","1","77 (31.818)","66 (35.870)","11 (18.966)","","",""
"cad_medical_hx (%)","0","209 (86.364)","155 (84.239)","54 (93.103)","0.135","","0.000"
"","1","33 (13.636)","29 (15.761)","4 (6.897)","","",""
"nsbb_preadmission (%)","0","190 (80.508)","141 (79.213)","49 (84.483)","0.491","","2.479"
"","1","46 (19.492)","37 (20.787)","9 (15.517)","","",""
"nsbb_type_preadmission (%)","1","13 (28.261)","10 (27.027)","3 (33.333)","0.725","","80.992"
"","2","22 (47.826)","19 (51.351)","3 (33.333)","","",""
"","3","5 (10.870)","4 (10.811)","1 (11.111)","","",""
"","4","6 (13.043)","4 (10.811)","2 (22.222)","","",""
"diuretics_preadmission (%)","0","116 (49.362)","81 (45.763)","35 (60.345)","0.076","","2.893"
"","1","119 (50.638)","96 (54.237)","23 (39.655)","","",""
"nsaid_preadmission (%)","0","212 (91.379)","161 (92.529)","51 (87.931)","0.418","","4.132"
"","1","20 (8.621)","13 (7.471)","7 (12.069)","","",""
"ace_arb_preadmission (%)","0","212 (90.598)","162 (91.525)","50 (87.719)","0.552","","3.306"
"","1","22 (9.402)","15 (8.475)","7 (12.281)","","",""
"ascites_previous_comp (%)","0","32 (13.223)","15 (8.152)","17 (29.310)","<0.001","","0.000"
"","1","210 (86.777)","169 (91.848)","41 (70.690)","","",""
"refascites_previous_comp (%)","0","92 (45.320)","69 (42.073)","23 (58.974)","0.084","","16.116"
"","1","111 (54.680)","95 (57.927)","16 (41.026)","","",""
"he_previous_comp (%)","0","98 (40.833)","64 (35.165)","34 (58.621)","0.003","","0.826"
"","1","142 (59.167)","118 (64.835)","24 (41.379)","","",""
"sbp_previous_comp (%)","0","195 (81.250)","144 (79.121)","51 (87.931)","0.192","","0.826"
"","1","45 (18.750)","38 (20.879)","7 (12.069)","","",""
"nonsbp_previous_comp (%)","0","187 (79.915)","136 (76.836)","51 (89.474)","0.060","","3.306"
"","1","47 (20.085)","41 (23.164)","6 (10.526)","","",""
"phtn_bleed_previous_comp (%)","0","183 (75.934)","135 (73.770)","48 (82.759)","0.223","","0.413"
"","1","58 (24.066)","48 (26.230)","10 (17.241)","","",""
"hcc_previous_comp (%)","0","221 (91.701)","165 (90.164)","56 (96.552)","0.206","","0.413"
"","1","20 (8.299)","18 (9.836)","2 (3.448)","","",""
"tips_previous_comp (%)","0","221 (91.322)","166 (90.217)","55 (94.828)","0.412","","0.000"
"","1","21 (8.678)","18 (9.783)","3 (5.172)","","",""
"he_terli_day0 (%)","0","161 (67.083)","124 (67.760)","37 (64.912)","0.860","","0.826"
"","1","54 (22.500)","40 (21.858)","14 (24.561)","","",""
"","2","19 (7.917)","15 (8.197)","4 (7.018)","","",""
"","3","5 (2.083)","3 (1.639)","2 (3.509)","","",""
"","4","1 (0.417)","1 (0.546)","0 (0.000)","","",""
"location_terli_day0 (%)","1","135 (58.190)","105 (58.659)","30 (56.604)","0.588","","4.132"
"","2","42 (18.103)","30 (16.760)","12 (22.642)","","",""
"","3","55 (23.707)","44 (24.581)","11 (20.755)","","",""
"terli_route_day0 (%)","1","206 (85.124)","161 (87.500)","45 (77.586)","0.101","","0.000"
"","2","36 (14.876)","23 (12.500)","13 (22.414)","","",""
"akin (%)","1","64 (27.586)","50 (28.409)","14 (25.000)","0.869","","4.132"
"","2","70 (30.172)","53 (30.114)","17 (30.357)","","",""
"","3","98 (42.241)","73 (41.477)","25 (44.643)","","",""
"ckd_baseline (%)","0","127 (59.070)","90 (54.878)","37 (72.549)","0.038","","11.157"
"","1","88 (40.930)","74 (45.122)","14 (27.451)","","",""
"time_to_death_status_90days_cmp (%)","0","87 (35.950)","62 (33.696)","25 (43.103)","0.011","","0.000"
"","1","99 (40.909)","71 (38.587)","28 (48.276)","","",""
"","2","56 (23.140)","51 (27.717)","5 (8.621)","","",""
"hrs_responders_cat_2 (%)","0","109 (45.041)","78 (42.391)","31 (53.448)","0.185","","0.000"
"","1","133 (54.959)","106 (57.609)","27 (46.552)","","",""
"HRS_reversal_new (%)","0","167 (69.008)","125 (67.935)","42 (72.414)","0.631","","0.000"
"","1","75 (30.992)","59 (32.065)","16 (27.586)","","",""
"listed_transplant (%)","0","161 (66.529)","110 (59.783)","51 (87.931)","<0.001","","0.000"
"","1","81 (33.471)","74 (40.217)","7 (12.069)","","",""
"transplant_lt (%)","0","172 (71.074)","121 (65.761)","51 (87.931)","0.012","","0.000"
"","1","43 (17.769)","39 (21.196)","4 (6.897)","","",""
"","2","22 (9.091)","19 (10.326)","3 (5.172)","","",""
"","3","5 (2.066)","5 (2.717)","0 (0.000)","","",""
"any_ae (%)","0","200 (82.645)","154 (83.696)","46 (79.310)","0.569","","0.000"
"","1","42 (17.355)","30 (16.304)","12 (20.690)","","",""
"disposition (%)","1","124 (51.240)","102 (55.435)","22 (37.931)","0.029","","0.000"
"","2","23 (9.504)","19 (10.326)","4 (6.897)","","",""
"","3","19 (7.851)","12 (6.522)","7 (12.069)","","",""
"","4","25 (10.331)","14 (7.609)","11 (18.966)","","",""
"","5","51 (21.074)","37 (20.109)","14 (24.138)","","",""
"transplant_slkt (%)","0","225 (92.975)","170 (92.391)","55 (94.828)","0.735","","0.000"
"","1","17 (7.025)","14 (7.609)","3 (5.172)","","",""
